Đồng hồ thông minh (SmartWatch),Đồng hồ thông minh Smartwatch DZ09
Đồng hồ thông minh (SmartWatch),Đồng hồ thông minh dây CI007 cao su dẻo thời trang mặt tròn đo nhịp tim
Đồng hồ thông minh (SmartWatch),Đồng hồ thông minh Smartwatch U80
Đồng hồ thông minh (SmartWatch),Đồng hồ thông minh V8 (màu xanh)
Đồng hồ thông minh (SmartWatch),Vòng đeo tay theo dõi sức khỏe Xiaomi MiBand
Đồng hồ thông minh (SmartWatch),Đồng hồ định vị thông minh Q50 Green
Đồng hồ thông minh (SmartWatch),Vòng đeo tay thông minh CK11
Đồng hồ thông minh (SmartWatch),Đồng hồ thông minh dây CI007 dây kim loại thời trang mặt tròn đo nhịp tim
Đồng hồ thông minh (SmartWatch),Đồng hồ mini LED thể thao
Đồng hồ thông minh (SmartWatch),Đồng hồ thông minh chống nước đo nhịp tim Ai-watch Z02 màu đen
Đồng hồ thông minh (SmartWatch),Điện thoại đồng hồ Hàn Quốc full HD AU-HD720
Đồng hồ thông minh (SmartWatch),Đồng hồ định vị thông minh Q50 Pink
