Xịt dưỡng tóc,Xịt Dưỡng Tóc Phục Hồi Hư Tổn Ngăn Rụng Tsubaki Premium Repair Hair Water Nhật 220ml
Xịt dưỡng tóc,[CHÍNH HÃNG] TINH DẦU BƯỞI VIJULLY - HAIR LOTION
Xịt dưỡng tóc,[+Tặng mũ trùm] XỊT DƯỠNG XẢ KHÔ DƯỠNG ẨM SUÔN MƯỢT TÓC NASHI ARGAN INSTANT LEAVE IN CONDITIONER Ý 150ML
Xịt dưỡng tóc,Xịt dưỡng tóc siêu mượt Sophia Platinum Collagen Hair Repair Water 250ml
Xịt dưỡng tóc,Xịt dưỡng làm phồng tóc Reuzel Surf Tonic 100ml (USA)
Xịt dưỡng tóc,"Combo 2 Chai xịt tinh dầu bưởi kích mọc tóc, giảm rụng tóc Pomelo Tabaha 120ml cho tóc dày và dài hơn gấp 2 đến 3 lần"
Xịt dưỡng tóc,Nước xịt dưỡng tóc tinh dầu bưởi pomelo cocoon 140ml + Serum mọc tóc pomelo bồ kết herbario 30ml
Xịt dưỡng tóc,"Xịt mọc tóc nhanh tinh dầu vỏ bưởi Tabaha 120ml dành cho Nam giới bị rụng tóc, tóc thưa"
Xịt dưỡng tóc,Xịt Dưỡng Tóc Phục Hồi Hư Tổn Ngăn Rụng Tsubaki Premium Repair Hair Water Nhật 220ml
Xịt dưỡng tóc,Xịt bảo vệ TRESEMME Keratin Smooth Xịt dưỡng tóc tạo kiểu Dầu dưỡng tóc Marula & Keratin Bảo vệ tóc khỏi nhiệt độ cao 236ml
Xịt dưỡng tóc,Xịt dưỡng xả khô 2 lớp cho tóc mảnh đến trung bình Schwarzkopf OIL Ultime Marula & Rose Light Oil-In-Spray Conditioner 200ml
Xịt dưỡng tóc,Kem tạo nếp dưỡng bóng Tigi After Party Smoothing Cream
Xịt dưỡng tóc,Xịt dưỡng tóc (xả khô) siêu mượt Livegain Premium Silky & Moisture Conditioner 250ml
Xịt dưỡng tóc,Xịt dưỡng tóc Obsidian Balancing Water 250ml
Xịt dưỡng tóc,Xịt dưỡng ẩm tóc siêu mượt DAHANA Collagen & Keratin cho tóc khô hư tổn 250ml
Xịt dưỡng tóc,Lotion Dưỡng Tóc Thorakao Tinh Chất Bưởi 150ml
Xịt dưỡng tóc,[CHÍNH HÃNG] TINH DẦU BƯỞI VIJULLY - HAIR LOTION
Xịt dưỡng tóc,Sữa Dưỡng Tóc M.Pros Hair Care Spray 280ml 2 Lớp - Xịt Dưỡng Tóc Và Bảo Vệ Tóc
Xịt dưỡng tóc,Nước Dưỡng Tóc Cocoon Tinh Dầu Bưởi Pomelo Hair Tonic 140ml
Xịt dưỡng tóc,BIGSIZE - PHIÊN BẢN NÂNG CẤP - Nước dưỡng tóc tinh dầu bưởi Cocoon giúp giảm gãy rụng & làm mềm tóc 310ml
Xịt dưỡng tóc,Kem dưỡng xả khô siêu mượt tóc Karseell Maca Essence repair Protein cream 150ml
Xịt dưỡng tóc,Xịt dưỡng tóc siêu mượt D'angello Keratin Spray 250ml
Xịt dưỡng tóc,Xịt dưỡng tóc 15 tác động Selective All in One Color (bảo vệ màu nhuộm) 150ml
Xịt dưỡng tóc,Xịt dưỡng tóc Schwarzkopf BC Bonacure Peptide Repair Rescue Spray mềm mượt cho tóc khô hư tổn Đức 200ml
Xịt dưỡng tóc,[+Tặng mũ trùm] Xịt dưỡng ẩm tóc siêu mượt Karseell Maca Essence Repair Protein spray 150ml
Xịt dưỡng tóc,Nước xịt kích mọc tóc tinh dầu Vỏ Bưởi và Bồ Kết UMIHOME hữu cơ 50/100ml kích thích mọc tóc nhanh dài
Xịt dưỡng tóc,[BẢN MỚI] XỊT DƯỠNG DOUBLE RICH 250ML CHĂM SÓC TÓC HƯ TỔN - CHAI HỒNG
Xịt dưỡng tóc,COMBO 3 CHAI TINH DẦU BƯỞI KÍCH MỌC TÓC VIJULLY 150ML - HAIR LOTION
Xịt dưỡng tóc,Xịt dưỡng làm phồng tóc Reuzel Surf Tonic 100ml (USA)
Xịt dưỡng tóc,Combo 2 chai nước dưỡng tóc tinh dầu bưởi (Pomelo hair tonic) Cocoon (140ml x 2)
Xịt dưỡng tóc,Tinh dầu bưởi dưỡng tóc Pomelo Tabaha 120ml giúp giảm rụng tóc cho mẹ sau sinh
Xịt dưỡng tóc,[+Tặng mũ trùm] XỊT DƯỠNG XẢ KHÔ DƯỠNG ẨM SUÔN MƯỢT TÓC NASHI ARGAN INSTANT LEAVE IN CONDITIONER Ý 150ML
Xịt dưỡng tóc,Combo nước xịt dưỡng bưởi Pomelo cocoon 140ml + Son dưỡng môi dầu dừa Bến Tre the cocoon 5g
Xịt dưỡng tóc,Nước dưỡng tóc Sa-chi Cocoon 140ml - Giúp cấp ẩm và Phục hồi tóc hư tổn
Xịt dưỡng tóc,SPECIAL COMBO 2 chai Nước Dưỡng Tóc Tinh Dầu Bưởi Cocoon 140ml - tặng dầu gội bưởi 310ml
Xịt dưỡng tóc,Tinh chất dưỡng tóc KOKO Cocayhoala - Ngăn rụng tóc - Kích thích mọc tóc - Giúp tóc mềm mượt - 100ml
Xịt dưỡng tóc,Xịt Tóc Dược Liệu Thái Dương (30ml)
Xịt dưỡng tóc,Xịt dưỡng tóc siêu mượt Sophia Platinum Collagen Hair Repair Water 250ml
Xịt dưỡng tóc,Nước dưỡng tóc tinh dầu bưởi (Pomelo hair tonic) Cocoon 140ml
Xịt dưỡng tóc,Xịt dưỡng tóc siêu mượt D'angello Keratin Spray 250ml
Xịt dưỡng tóc,Xịt dưỡng ẩm tóc siêu mượt DAHANA Collagen & Keratin cho tóc khô hư tổn 250ml
Xịt dưỡng tóc,Tinh dầu bưởi kích thích mọc tóc nhanh dùng cho Nam giới Pomelo Tabaha 120ml
Xịt dưỡng tóc,"Xịt Kích Mọc Tóc Thảo Dược HAIR GREEN HERBER Dung Tích 120 ml - Phục Hồi Tóc Rụng, Dưỡng Tóc Suôn Mượt, Ngăn Ngừa Gãy Rụng, Làm Chắc Khoẻ Chân Tóc"
Xịt dưỡng tóc,Xịt dưỡng tóc Obsidian Balancing Water 250ml
Xịt dưỡng tóc,Xịt Mọc Tóc Dược Liệu Thái Dương - Sao Thái Dương
Xịt dưỡng tóc,Dầu Dưỡng Tóc RAIP R3 Argan Hair Oil Phục Hồi Tóc Hư Tổn. Tặng Gel Móc Khóa 30ml
Xịt dưỡng tóc,Xịt dưỡng tóc 15 tác động Selective All in One Color (bảo vệ màu nhuộm) 150ml
Xịt dưỡng tóc,"Xịt Dưỡng Tóc Vỏ Bưởi MELA Giúp Mọc Giảm Gãy Rụng Làm Mượt, Serum Tóc Thiên Thiên 100ml - ML04"
Xịt dưỡng tóc,"Xịt dưỡng, tạo nếp tóc 2in1 hương nước hoa MACALAND 100ml"
Xịt dưỡng tóc,Kem tạo nếp dưỡng bóng Tigi After Party Smoothing Cream
Xịt dưỡng tóc,Combo Nước xịt dưỡng tóc vỏ bưởi & Bồ kết Herbario 100ml + Serum mọc tóc vỏ bưởi & Bồ kết Herbario 30ml
Xịt dưỡng tóc,Xịt tóc dược liệu Thái Dương 7 Plus Gold - Sao Thái Dương
Xịt dưỡng tóc,Sữa dưỡng ẩm mượt tóc Galati 250ml dạng xịt tiện lợi _ Người Việt ưu tiên dùng hàng Việt
Xịt dưỡng tóc,"Nước dưỡng tóc tinh dầu bưởi Pomelo Tabaha 120ml giảm rụng tóc, kích thích mọc tóc con"
Xịt dưỡng tóc,Xịt dưỡng đạm phục hồi tóc hư tổn Caluo.Ber Hair Repair Essence Lotion 300ml
